# lap_count, lap_success, laptime, completion, NA, NA, aveTrackErr, Computation_time
1.000000  ,1.000000  ,32.380000 ,100.000000,0.000000  ,0.000000  ,0.029978  ,20.082412 
2.000000  ,1.000000  ,31.540000 ,100.000000,0.000000  ,0.000000  ,0.030533  ,19.614178 
3.000000  ,1.000000  ,31.580000 ,100.000000,0.000000  ,0.000000  ,0.030804  ,19.579047 
4.000000  ,1.000000  ,31.560000 ,100.000000,0.000000  ,0.000000  ,0.031164  ,19.482481 
5.000000  ,1.000000  ,31.560000 ,100.000000,0.000000  ,0.000000  ,0.030362  ,19.421255 
