# lap_count, lap_success, laptime, completion, NA, NA, aveTrackErr, Computation_time
1.000000  ,1.000000  ,29.640000 ,100.000000,0.000000  ,0.000000  ,0.028079  ,29.930377 
2.000000  ,1.000000  ,28.500000 ,100.000000,0.000000  ,0.000000  ,0.026972  ,32.441417 
3.000000  ,1.000000  ,28.480000 ,100.000000,0.000000  ,0.000000  ,0.029094  ,29.965362 
4.000000  ,1.000000  ,28.480000 ,100.000000,0.000000  ,0.000000  ,0.027900  ,29.577292 
5.000000  ,1.000000  ,28.480000 ,100.000000,0.000000  ,0.000000  ,0.027465  ,32.072937 
6.000000  ,0.000000  ,11.020000 ,40.980000 ,0.000000  ,0.000000  ,0.012039  ,11.063920 
7.000000  ,1.000000  ,29.640000 ,100.000000,0.000000  ,0.000000  ,0.028079  ,31.652509 
