# lap_count, lap_success, laptime, completion, NA, NA, aveTrackErr, Computation_time
1.000000  ,1.000000  ,32.380000 ,100.000000,0.000000  ,0.000000  ,0.029556  ,14.269562 
2.000000  ,1.000000  ,31.540000 ,100.000000,0.000000  ,0.000000  ,0.030718  ,13.921381 
3.000000  ,1.000000  ,31.540000 ,100.000000,0.000000  ,0.000000  ,0.030327  ,14.001255 
4.000000  ,1.000000  ,31.560000 ,100.000000,0.000000  ,0.000000  ,0.030862  ,13.949714 
5.000000  ,1.000000  ,31.540000 ,100.000000,0.000000  ,0.000000  ,0.031322  ,14.004062 
