# lap_count, lap_success, laptime, completion, NA, NA, aveTrackErr, Computation_time
1.000000  ,1.000000  ,29.640000 ,0.000000  ,0.000000  ,0.000000  ,0.026968  ,34.206071 
2.000000  ,1.000000  ,28.460000 ,0.000000  ,0.000000  ,0.000000  ,0.028148  ,32.993862 
3.000000  ,1.000000  ,28.460000 ,0.000000  ,0.000000  ,0.000000  ,0.028021  ,32.695897 
4.000000  ,1.000000  ,28.480000 ,0.000000  ,0.000000  ,0.000000  ,0.027801  ,32.537946 
5.000000  ,1.000000  ,28.480000 ,0.000000  ,0.000000  ,0.000000  ,0.028231  ,32.755069 
