# lap_count, lap_success, laptime, completion, NA, NA, aveTrackErr, Computation_time
1.000000  ,1.000000  ,32.380000 ,100.000000,0.000000  ,0.000000  ,0.059111  ,27.068808 
2.000000  ,1.000000  ,31.540000 ,100.000000,0.000000  ,0.000000  ,0.061436  ,26.210121 
3.000000  ,1.000000  ,31.540000 ,100.000000,0.000000  ,0.000000  ,0.060654  ,26.248780 
4.000000  ,1.000000  ,31.560000 ,100.000000,0.000000  ,0.000000  ,0.061724  ,26.239622 
5.000000  ,1.000000  ,31.540000 ,100.000000,0.000000  ,0.000000  ,0.062644  ,26.262146 
6.000000  ,1.000000  ,31.540000 ,100.000000,0.000000  ,0.000000  ,0.061416  ,26.117551 
7.000000  ,1.000000  ,31.560000 ,100.000000,0.000000  ,0.000000  ,0.061236  ,26.339811 
