# lap_count, lap_success, laptime, completion, NA, NA, aveTrackErr, Computation_time
1.000000  ,1.000000  ,28.860000 ,100.000000,0.000000  ,0.000000  ,0.015600  ,12.981108 
2.000000  ,1.000000  ,27.960000 ,100.000000,0.000000  ,0.000000  ,0.016390  ,13.995248 
3.000000  ,1.000000  ,27.960000 ,100.000000,0.000000  ,0.000000  ,0.015962  ,12.462045 
4.000000  ,1.000000  ,27.940000 ,100.000000,0.000000  ,0.000000  ,0.016418  ,13.008330 
5.000000  ,1.000000  ,27.980000 ,100.000000,0.000000  ,0.000000  ,0.015664  ,12.507671 
