# lap_count, lap_success, laptime, completion, NA, NA, aveTrackErr, Computation_time
1.000000  ,1.000000  ,28.860000 ,100.000000,0.000000  ,0.000000  ,0.031200  ,24.289045 
2.000000  ,1.000000  ,27.940000 ,100.000000,0.000000  ,0.000000  ,0.032178  ,28.422966 
3.000000  ,1.000000  ,27.960000 ,100.000000,0.000000  ,0.000000  ,0.032608  ,22.940173 
4.000000  ,1.000000  ,27.940000 ,100.000000,0.000000  ,0.000000  ,0.032416  ,22.871993 
5.000000  ,1.000000  ,27.940000 ,100.000000,0.000000  ,0.000000  ,0.032777  ,24.791051 
6.000000  ,1.000000  ,27.960000 ,100.000000,0.000000  ,0.000000  ,0.031261  ,22.725680 
7.000000  ,1.000000  ,28.000000 ,100.000000,0.000000  ,0.000000  ,0.031064  ,22.971516 
