# lap_count, lap_success, laptime, completion, NA, NA, aveTrackErr, Computation_time
1.000000  ,1.000000  ,26.060000 ,100.000000,0.000000  ,0.000000  ,0.032357  ,23.175302 
2.000000  ,1.000000  ,25.140000 ,100.000000,0.000000  ,0.000000  ,0.032455  ,22.742706 
3.000000  ,1.000000  ,25.180000 ,100.000000,0.000000  ,0.000000  ,0.032176  ,22.023711 
4.000000  ,1.000000  ,25.140000 ,100.000000,0.000000  ,0.000000  ,0.031955  ,22.204614 
5.000000  ,1.000000  ,25.180000 ,100.000000,0.000000  ,0.000000  ,0.032216  ,22.121093 
6.000000  ,1.000000  ,25.140000 ,100.000000,0.000000  ,0.000000  ,0.031807  ,21.958826 
7.000000  ,1.000000  ,25.140000 ,100.000000,0.000000  ,0.000000  ,0.032441  ,22.056100 
