# laptime, ego_x_pos, ego_y_pos, actual speed, expected speed, tracking error, nosie, completion, steering, slip_angle
0.000000  ,-0.060122 ,0.024725  ,7.943359  ,8.000000  ,0.151601  ,0.032036  ,100.000000,-0.259689 ,31.538150 
0.020000  ,-0.040154 ,-0.044555 ,7.817245  ,8.000000  ,0.220371  ,0.135249  ,100.000000,-0.289345 ,106.241880
0.040000  ,0.243567  ,0.155522  ,7.956293  ,8.000000  ,0.015447  ,0.003565  ,0.120000  ,-0.353017 ,0.095147  
0.060000  ,0.474671  ,0.308451  ,8.044197  ,7.973202  ,0.130495  ,-0.024340 ,0.230000  ,-0.345749 ,3.809244  
0.080000  ,0.724096  ,0.484621  ,8.146998  ,7.987504  ,0.291631  ,0.045270  ,0.460000  ,-0.399421 ,2.972866  
0.100000  ,0.685372  ,0.376544  ,7.966962  ,8.000000  ,0.186580  ,-0.091346 ,0.460000  ,-0.400000 ,147.585690
0.120000  ,0.899288  ,0.523516  ,8.041460  ,7.976285  ,0.318374  ,0.083638  ,0.580000  ,-0.351148 ,1.723782  
0.140000  ,0.979900  ,0.537667  ,7.979019  ,8.000000  ,0.326213  ,0.026945  ,0.580000  ,-0.400000 ,23.235739 
0.160000  ,1.129066  ,0.618567  ,7.988325  ,8.000000  ,0.395399  ,0.213414  ,0.690000  ,-0.400000 ,0.335819  
0.180000  ,1.155017  ,0.572353  ,7.872908  ,8.000000  ,0.347167  ,-0.017921 ,0.690000  ,-0.375686 ,84.023710 
0.200000  ,1.353206  ,0.691911  ,7.927466  ,8.000000  ,0.449585  ,-0.101071 ,0.810000  ,-0.305663 ,14.248826 
0.220000  ,1.520731  ,0.772245  ,7.948608  ,8.000000  ,0.514733  ,0.058294  ,0.930000  ,-0.239894 ,15.946891 
0.240000  ,1.475243  ,0.629249  ,7.753746  ,8.000000  ,0.376587  ,-0.028377 ,0.930000  ,-0.095918 ,109.813214
0.260000  ,2.036188  ,1.081193  ,8.162395  ,8.013158  ,0.773213  ,0.068783  ,1.270000  ,-0.399546 ,-44.070590
0.280000  ,1.951468  ,0.937082  ,0.086957  ,0.934218  ,0.638024  ,0.060282  ,1.160000  ,-0.400000 ,120.436925
0.300000  ,1.920664  ,0.905267  ,-0.012178 ,0.830418  ,0.609380  ,-0.107723 ,1.160000  ,0.278569  ,134.073094
0.320000  ,1.914011  ,0.897664  ,0.056490  ,0.902959  ,0.602464  ,-0.087521 ,1.160000  ,-0.400000 ,131.134867
0.340000  ,1.925511  ,0.906688  ,0.141442  ,0.990120  ,0.610318  ,-0.018725 ,1.160000  ,-0.400000 ,-38.297001
