# laptime, ego_x_pos, ego_y_pos, actual speed, expected speed, tracking error, nosie, completion, steering, slip_angle
0.000000  ,0.018179  ,0.018425  ,8.052727  ,7.996401  ,0.056467  ,0.023127  ,100.000000,-0.399484 ,-28.319815
0.020000  ,0.131557  ,-0.038433 ,8.007316  ,7.988760  ,0.002454  ,0.044753  ,0.090000  ,-0.387208 ,20.712579 
0.040000  ,0.344630  ,0.004314  ,8.060491  ,7.997658  ,0.038992  ,0.037336  ,0.170000  ,-0.399282 ,-16.486443
0.060000  ,0.506792  ,-0.004236 ,8.063995  ,7.998242  ,0.030198  ,-0.010577 ,0.260000  ,-0.399305 ,-1.527563 
0.080000  ,0.563745  ,-0.118732 ,7.962318  ,8.000000  ,0.084682  ,-0.011692 ,0.260000  ,0.074175  ,59.049789 
0.100000  ,0.773685  ,-0.081455 ,8.013814  ,7.990676  ,0.048799  ,0.019942  ,0.340000  ,-0.397679 ,-15.359955
0.120000  ,0.923705  ,-0.105770 ,8.004287  ,7.987546  ,0.074601  ,-0.077203 ,0.430000  ,-0.387032 ,2.245426  
0.140000  ,1.036347  ,-0.169223 ,7.956678  ,8.000000  ,0.138914  ,-0.020126 ,0.430000  ,0.124049  ,20.246720 
0.160000  ,1.179753  ,-0.204470 ,7.942461  ,8.000000  ,0.175255  ,-0.011523 ,0.520000  ,0.153608  ,1.834527  
0.180000  ,1.379218  ,-0.187045 ,7.984748  ,8.000000  ,0.159385  ,0.027050  ,0.600000  ,0.181342  ,-20.505455
0.200000  ,1.577255  ,-0.174577 ,8.026212  ,7.992014  ,0.148488  ,0.007803  ,0.690000  ,-0.398709 ,-22.875016
0.220000  ,1.714356  ,-0.226541 ,8.006605  ,7.987584  ,0.201515  ,0.082189  ,0.770000  ,-0.384106 ,-2.001791 
0.240000  ,1.838705  ,-0.294751 ,7.973827  ,8.000000  ,0.270671  ,-0.025280 ,0.770000  ,0.288215  ,2.989331  
0.260000  ,2.032691  ,-0.297277 ,8.014593  ,7.989964  ,0.274671  ,-0.034652 ,0.860000  ,-0.399434 ,-27.893286
0.280000  ,2.178282  ,-0.352403 ,8.007306  ,7.988550  ,0.330891  ,0.001701  ,0.950000  ,-0.381598 ,-10.941352
0.300000  ,2.317718  ,-0.417600 ,7.995612  ,8.000000  ,0.397126  ,-0.063796 ,1.030000  ,0.357228  ,-9.638588 
0.320000  ,2.464172  ,-0.479767 ,7.995227  ,8.000000  ,0.460352  ,0.019693  ,1.030000  ,0.397497  ,-14.959799
0.340000  ,2.592310  ,-0.564192 ,7.979508  ,8.000000  ,0.545701  ,-0.035347 ,1.120000  ,0.400000  ,-8.267453 
