# laptime, ego_x_pos, ego_y_pos, actual speed, expected speed, tracking error, noise
0.000000  ,-0.025448 ,-0.247754 ,7.980479  ,8.000000  ,0.210096  ,-0.024598 ,100.000000
0.000000  ,-0.011035 ,-0.233341 ,7.994892  ,8.000000  ,0.195553  ,0.028407  ,100.000000
0.020000  ,0.118834  ,-0.311607 ,7.976669  ,8.000000  ,0.270316  ,0.037086  ,0.090000  
0.020000  ,0.152766  ,-0.277675 ,8.010601  ,7.989441  ,0.237244  ,0.026683  ,0.090000  
0.040000  ,0.398733  ,-0.244598 ,8.112136  ,8.008044  ,0.210093  ,0.001781  ,0.170000  
0.040000  ,0.185190  ,-0.458142 ,7.898593  ,8.000000  ,0.418465  ,0.018472  ,0.090000  
0.060000  ,0.262425  ,-0.597712 ,7.836104  ,8.000000  ,0.559924  ,-0.062031 ,0.090000  
0.060000  ,0.439291  ,-0.420847 ,8.012969  ,7.989620  ,0.386471  ,-0.083346 ,0.170000  
0.080000  ,0.559627  ,-0.520439 ,7.996961  ,8.000000  ,0.486352  ,0.021292  ,0.260000  
0.080000  ,0.567410  ,-0.512656 ,8.004744  ,7.987942  ,0.478622  ,-0.032906 ,0.260000  
