# laptime, ego_x_pos, ego_y_pos, actual speed, expected speed, tracking error, nosie, completion, steering, slip_angle
0.000000  ,-0.035062 ,-0.276793 ,7.989304  ,8.000000  ,0.239221  ,-0.008186 ,100.000000,0.219449  ,-0.199875 
0.020000  ,0.104973  ,-0.325187 ,7.973698  ,8.000000  ,0.283545  ,0.005386  ,0.090000  ,0.203544  ,3.039745  
0.040000  ,0.280517  ,-0.339609 ,7.993897  ,8.000000  ,0.302355  ,0.002517  ,0.090000  ,0.222662  ,-11.448706
0.060000  ,0.480067  ,-0.331070 ,8.038293  ,7.993779  ,0.296826  ,-0.031147 ,0.170000  ,-0.398751 ,-18.611980
0.080000  ,0.577298  ,-0.425284 ,7.979836  ,8.000000  ,0.391318  ,0.007685  ,0.260000  ,0.246461  ,28.395745 
0.100000  ,0.762912  ,-0.431062 ,8.010297  ,7.989415  ,0.398292  ,0.020655  ,0.340000  ,-0.396820 ,-12.847162
0.120000  ,0.891132  ,-0.494046 ,7.981338  ,8.000000  ,0.462616  ,-0.001326 ,0.430000  ,0.207504  ,12.908551 
0.140000  ,1.049865  ,-0.525830 ,7.984735  ,8.000000  ,0.495613  ,0.024084  ,0.430000  ,0.213857  ,-0.206175 
0.160000  ,1.265122  ,-0.500212 ,8.044323  ,7.994792  ,0.471655  ,-0.014392 ,0.520000  ,-0.398558 ,-16.491521
0.180000  ,1.377828  ,-0.575542 ,8.000388  ,7.920577  ,0.547860  ,0.012538  ,0.600000  ,-0.314311 ,26.211521 
0.200000  ,1.538683  ,-0.600033 ,7.979087  ,8.000000  ,0.573633  ,0.038921  ,0.690000  ,0.157958  ,3.823271  
0.220000  ,1.709110  ,-0.612149 ,7.995053  ,8.000000  ,0.587072  ,-0.019939 ,0.770000  ,0.133077  ,2.036770  
0.240000  ,1.838946  ,-0.662157 ,7.969617  ,8.000000  ,0.638068  ,-0.035498 ,0.770000  ,0.132235  ,21.558937 
