# lap_count, lap_success, laptime, completion, NA, NA, aveTrackErr, Computation_time
1.000000  ,1.000000  ,33.800000 ,100.000000,0.000000  ,0.000000  ,0.045990  ,29.438828 
2.000000  ,1.000000  ,33.060000 ,100.000000,0.000000  ,0.000000  ,0.044832  ,28.732860 
3.000000  ,1.000000  ,33.020000 ,100.000000,0.000000  ,0.000000  ,0.045712  ,28.511904 
4.000000  ,1.000000  ,33.040000 ,100.000000,0.000000  ,0.000000  ,0.044754  ,28.563813 
5.000000  ,1.000000  ,33.040000 ,100.000000,0.000000  ,0.000000  ,0.045383  ,28.998330 
6.000000  ,1.000000  ,33.060000 ,100.000000,0.000000  ,0.000000  ,0.045197  ,28.518725 
7.000000  ,1.000000  ,33.020000 ,100.000000,0.000000  ,0.000000  ,0.044638  ,28.550793 
