# lap_count, lap_success, laptime, completion, NA, NA, aveTrackErr, Computation_time
1.000000  ,1.000000  ,37.520000 ,100.000000,0.000000  ,0.000000  ,0.034701  ,29.055705 
2.000000  ,1.000000  ,36.760000 ,100.000000,0.000000  ,0.000000  ,0.034724  ,28.731921 
3.000000  ,1.000000  ,36.760000 ,100.000000,0.000000  ,0.000000  ,0.034331  ,28.677428 
4.000000  ,1.000000  ,36.760000 ,100.000000,0.000000  ,0.000000  ,0.034947  ,28.684841 
5.000000  ,1.000000  ,36.780000 ,100.000000,0.000000  ,0.000000  ,0.034582  ,28.537217 
6.000000  ,1.000000  ,36.760000 ,100.000000,0.000000  ,0.000000  ,0.033710  ,28.611315 
7.000000  ,1.000000  ,36.760000 ,100.000000,0.000000  ,0.000000  ,0.034794  ,28.522791 
