# lap_count, lap_success, laptime, completion, NA, NA, aveTrackErr, Computation_time
1.000000  ,1.000000  ,33.800000 ,0.000000  ,0.000000  ,0.000000  ,0.045537  ,39.929211 
2.000000  ,1.000000  ,33.040000 ,0.000000  ,0.000000  ,0.000000  ,0.045495  ,39.225986 
3.000000  ,1.000000  ,33.060000 ,0.000000  ,0.000000  ,0.000000  ,0.044875  ,38.817178 
4.000000  ,1.000000  ,33.020000 ,0.000000  ,0.000000  ,0.000000  ,0.046019  ,38.754598 
5.000000  ,1.000000  ,33.040000 ,0.000000  ,0.000000  ,0.000000  ,0.044867  ,38.667344 
