# lap_count, lap_success, laptime, completion, NA, NA, aveTrackErr, Computation_time
1.000000  ,1.000000  ,37.520000 ,100.000000,0.000000  ,0.000000  ,0.017350  ,15.748820 
2.000000  ,1.000000  ,36.760000 ,100.000000,0.000000  ,0.000000  ,0.017362  ,15.616237 
3.000000  ,1.000000  ,36.760000 ,100.000000,0.000000  ,0.000000  ,0.017165  ,15.393972 
4.000000  ,1.000000  ,36.760000 ,100.000000,0.000000  ,0.000000  ,0.017473  ,15.513982 
5.000000  ,1.000000  ,36.780000 ,100.000000,0.000000  ,0.000000  ,0.017291  ,15.391914 
