# laptime, ego_x_pos, ego_y_pos, actual speed, expected speed, tracking error, nosie, completion, steering, slip_angle
0.000000  ,-0.104324 ,-0.175816 ,8.026537  ,8.012919  ,0.138875  ,0.020800  ,100.000000,-0.398824 ,-6.054343 
0.020000  ,0.052751  ,-0.208682 ,8.021850  ,8.103785  ,0.170318  ,0.112392  ,100.000000,-0.398733 ,-6.608526 
0.040000  ,0.208806  ,-0.246220 ,8.029456  ,8.088342  ,0.207201  ,0.095964  ,0.090000  ,-0.398873 ,-7.897127 
0.060000  ,0.363515  ,-0.289446 ,8.034923  ,8.013988  ,0.254827  ,0.020913  ,0.170000  ,-0.399278 ,-9.932438 
0.080000  ,0.516110  ,-0.339537 ,8.027717  ,8.066325  ,0.305159  ,0.074183  ,0.260000  ,-0.399355 ,-12.768959
0.100000  ,0.665860  ,-0.397482 ,8.031301  ,7.867427  ,0.364117  ,-0.125101 ,0.260000  ,-0.399378 ,-16.210241
0.120000  ,0.811365  ,-0.464038 ,7.974892  ,8.198553  ,0.431715  ,0.198553  ,0.340000  ,0.400000  ,-20.342020
0.140000  ,0.951650  ,-0.540296 ,7.995656  ,7.986207  ,0.509328  ,-0.013793 ,0.430000  ,0.400000  ,-24.504388
