# laptime, ego_x_pos, ego_y_pos, actual speed, expected speed, tracking error, nosie, completion, steering, slip_angle
0.000000  ,-0.013784 ,0.031785  ,7.936589  ,8.000000  ,0.146980  ,0.021522  ,100.000000,0.073981  ,79.810871 
0.020000  ,0.255786  ,0.141348  ,8.048316  ,7.990848  ,0.050803  ,-0.052890 ,0.100000  ,-0.318260 ,-25.875103
0.040000  ,0.358149  ,0.081415  ,7.991816  ,8.000000  ,0.109239  ,-0.006584 ,0.200000  ,0.077153  ,25.501315 
0.060000  ,0.595939  ,0.154764  ,8.071551  ,7.993094  ,0.056904  ,-0.030049 ,0.300000  ,-0.317190 ,-23.287307
0.080000  ,0.763443  ,0.155337  ,8.080288  ,7.993713  ,0.069903  ,0.056347  ,0.400000  ,-0.316768 ,-7.919153 
0.100000  ,0.742629  ,-0.034864 ,7.900820  ,8.000000  ,0.258146  ,0.046619  ,0.400000  ,0.115353  ,86.875845 
0.120000  ,1.043933  ,0.094024  ,8.044201  ,7.990609  ,0.151236  ,-0.046574 ,0.510000  ,-0.317096 ,-34.492807
0.140000  ,1.060329  ,-0.065560 ,7.902047  ,8.000000  ,0.311607  ,0.005764  ,0.510000  ,0.147528  ,70.348009 
0.160000  ,1.388337  ,0.082880  ,8.072828  ,7.992874  ,0.188607  ,0.055894  ,0.710000  ,-0.315176 ,-40.802950
0.180000  ,1.509593  ,0.020582  ,8.036773  ,7.989274  ,0.259787  ,0.004314  ,0.810000  ,-0.315292 ,7.793237  
0.200000  ,1.614892  ,-0.061663 ,7.985239  ,8.000000  ,0.349570  ,0.006913  ,0.810000  ,0.202234  ,15.588554 
0.220000  ,1.799847  ,-0.068697 ,8.015599  ,7.985816  ,0.370235  ,-0.082325 ,0.910000  ,-0.314603 ,-23.529503
0.240000  ,1.810448  ,-0.254848 ,7.870708  ,8.000000  ,0.556664  ,-0.048885 ,0.910000  ,0.246463  ,57.252504 
0.260000  ,2.056606  ,-0.210045 ,7.965971  ,8.000000  ,0.529758  ,0.011410  ,1.010000  ,0.246538  ,-43.782162
0.280000  ,2.120894  ,-0.351797 ,7.881779  ,8.000000  ,0.675709  ,0.009876  ,1.010000  ,0.276700  ,27.911472 
0.300000  ,2.356107  ,-0.326887 ,7.971315  ,8.000000  ,0.667451  ,-0.066489 ,1.210000  ,0.278107  ,-47.847597
0.320000  ,2.465029  ,-0.431966 ,7.937638  ,8.000000  ,0.779607  ,-0.066920 ,1.210000  ,0.305190  ,-1.424640 
0.340000  ,2.658361  ,-0.455722 ,7.991621  ,8.000000  ,0.816244  ,0.018325  ,1.320000  ,0.306670  ,-41.176265
0.360000  ,2.841885  ,-0.491742 ,8.039041  ,7.988450  ,0.864103  ,0.061589  ,1.420000  ,-0.306208 ,-38.845462
