# laptime, ego_x_pos, ego_y_pos, actual speed, expected speed, tracking error, nosie, completion, steering, slip_angle
0.000000  ,0.034562  ,-0.012371 ,8.005885  ,7.981207  ,0.193978  ,-0.008500 ,100.000000,-0.315704 ,-38.713259
0.020000  ,0.156184  ,-0.078299 ,7.969802  ,8.000000  ,0.269230  ,0.028463  ,0.100000  ,0.183386  ,5.180178  
0.040000  ,0.278363  ,-0.146570 ,7.937649  ,8.000000  ,0.338973  ,0.184062  ,0.100000  ,0.195822  ,5.448229  
0.060000  ,0.518092  ,-0.100044 ,8.023698  ,7.987222  ,0.304716  ,0.081368  ,0.300000  ,-0.314946 ,-34.755691
0.080000  ,0.600270  ,-0.213087 ,7.951548  ,8.000000  ,0.423935  ,0.008130  ,0.300000  ,0.201315  ,30.773295 
0.100000  ,0.848347  ,-0.161531 ,8.046934  ,7.989664  ,0.392001  ,0.024347  ,0.400000  ,-0.313851 ,-33.712837
0.120000  ,0.779104  ,-0.428264 ,7.824278  ,8.000000  ,0.653143  ,0.038520  ,0.400000  ,0.211855  ,84.161738 
0.140000  ,1.021541  ,-0.383640 ,7.914355  ,8.000000  ,0.625780  ,-0.067632 ,0.510000  ,0.204036  ,-28.879454
0.160000  ,1.331964  ,-0.271012 ,8.072274  ,7.992501  ,0.537338  ,-0.019998 ,0.710000  ,-0.312127 ,-36.350493
0.180000  ,1.450655  ,-0.349322 ,8.037335  ,7.989473  ,0.624243  ,-0.052504 ,0.710000  ,-0.312543 ,19.371791 
0.200000  ,1.610966  ,-0.384426 ,8.042948  ,7.990253  ,0.671165  ,0.014924  ,0.810000  ,-0.312398 ,1.145997  
0.220000  ,1.747016  ,-0.441963 ,8.023939  ,7.988281  ,0.738692  ,0.082821  ,0.910000  ,-0.312412 ,14.601807 
0.240000  ,1.856213  ,-0.524436 ,7.976873  ,8.000000  ,0.828860  ,-0.018631 ,0.910000  ,0.150416  ,31.218929 
0.260000  ,2.014766  ,-0.555674 ,7.980180  ,8.000000  ,0.871555  ,-0.032839 ,1.010000  ,0.122798  ,7.041670  
0.280000  ,2.232690  ,-0.525739 ,8.042270  ,7.990580  ,0.857152  ,0.094806  ,1.110000  ,-0.311668 ,-11.019800
0.300000  ,2.330939  ,-0.613274 ,7.983034  ,8.000000  ,0.951269  ,0.052495  ,1.110000  ,0.131597  ,39.060669 
0.320000  ,2.449719  ,-0.677810 ,7.944874  ,8.000000  ,1.023868  ,-0.007201 ,1.210000  ,0.147118  ,26.444985 
0.340000  ,2.760463  ,-0.548187 ,8.098185  ,7.995030  ,0.915336  ,0.052520  ,1.420000  ,-0.309944 ,-24.269450
